variable,question_text,question_options,possible_responses
bus_age,How long ago did this business begin operations?,,"Less than 1 year ago,Between 1 and 2 years ago,Between 2 and 5 years ago,More than 5 years ago"
bus_cls_atl2,Is this business currently both operating and engaged in revenue generating activities?,,"Yes,No"
bus_emp_alt,"In general, how many employees does this business currently have (excluding yourself)?",,"No employees,1 person,2 to 4 people,5 to 9 people,10 to 49 people,50 to 249 people,250 to 499 people,500 people or more"
bus_emp_pcv,"Before the coronavirus (COVID-19) pandemic began, how many employees did this business have (excluding yourself)?",,"No employees,1 person,2 to 4 people,5 to 9 people,10 to 49 people,50 to 249 people,250 to 499 people,500 people or more"
bus_lon,"At this time, does your business have a line of credit or a loan from a financial institution or bank?",,"Don't know or prefer not to respond,No,Yes"
bus_prb_accessing_credit,"In your opinion, what are the 3 most prominent problems faced by business leaders like yourself? (Select up to 3) Accessing credit",,"Checked,Unchecked"
bus_prb_access_to_proper_education_and_training_to_get_the_right_skills,"In your opinion, what are the 3 most prominent problems faced by business leaders like yourself? (Select up to 3) Access to proper education and training to get the right skills",,"Checked,Unchecked"
bus_prb_balancing_home_and_work_responsibilities,"In your opinion, what are the 3 most prominent problems faced by business leaders like yourself? (Select up to 3) Balancing home and work responsibilities",,"Checked,Unchecked"
bus_prb_corruption_or_bribery,"In your opinion, what are the 3 most prominent problems faced by business leaders like yourself? (Select up to 3) Corruption or bribery",,"Checked,Unchecked"
bus_prb_finding_customers,"In your opinion, what are the 3 most prominent problems faced by business leaders like yourself? (Select up to 3) Finding customers",,"Checked,Unchecked"
bus_prb_finding_the_right_staff,"In your opinion, what are the 3 most prominent problems faced by business leaders like yourself? (Select up to 3) Finding the right staff",,"Checked,Unchecked"
bus_prb_finding_the_right_suppliers,"In your opinion, what are the 3 most prominent problems faced by business leaders like yourself? (Select up to 3) Finding the right suppliers",,"Checked,Unchecked"
bus_prb_infrastructure_or_utilities_such_as_property_electricity_water_and_gas,"In your opinion, what are the 3 most prominent problems faced by business leaders like yourself? (Select up to 3) Infrastructure or utilities such as property electricity water and gas",,"Checked,Unchecked"
bus_prb_other,"In your opinion, what are the 3 most prominent problems faced by business leaders like yourself? (Select up to 3) Other",,"Checked,Unchecked"
bus_prb_registration_and_business_permits,"In your opinion, what are the 3 most prominent problems faced by business leaders like yourself? (Select up to 3) Registration and business permits",,"Checked,Unchecked"
bus_prb_sexual_harassment,"In your opinion, what are the 3 most prominent problems faced by business leaders like yourself? (Select up to 3) Sexual harassment",,"Checked,Unchecked"
bus_rol,Which of these best describes your main employment situation?,,"Other (please specify),Work for the government,Employed in a business,Both own and manage a business,Own a business,Manage a business,Unemployed or not working"
bus_wrk_dne,Where is most of this business's work currently conducted?,,"At home (normally),At home (because of Coronavirus restrictions or changes),At a marketplace,At an office, shop, or workshop,Traveling door to door or from place to place,Other"
dem_age,How old are you?,,"Less than 20,20 to 29,30 to 39,40 to 49,50 to 59,60 to 69,70 or older"
edu,What is your highest level of completed education?,,"University or college,More than secondary, vocational training or apprenticeship,Secondary,Primary,No formal schooling completed"
hhd_chl_hhh,"While growing up, who did you consider to be the main income earner in your household?",,"Mother,Father,Both mother and father,Other male household member,Other female household member,Other"
hhd_chl_spn,"While growing up, who made the decisions about financial spending on critical or urgent matters in your household (e.g., medical emergency etc.)?",,"Mother,Father,Both mother and father,Other male relative,Other female relative,Someone from outside the household,Other"
hhd_has_spo,Do you have a long-term spouse or partner?,,"No,Yes"
hhd_mem_cmp_children_aged_6_to_18_years,Do any members of the following groups live in your home with you? (Select all that apply) Children aged 6 to 18 years,,"Checked,Unchecked"
hhd_mem_cmp_children_aged_under_5_years,Do any members of the following groups live in your home with you? (Select all that apply) Children aged under 5 years,,"Checked,Unchecked"
hhd_mem_cmp_dependents_aged_over_65,Do any members of the following groups live in your home with you? (Select all that apply) Dependents aged over 65,,"Checked,Unchecked"
hhd_mem_cmp_household_members_who_are_self_isolating,Do any members of the following groups live in your home with you? (Select all that apply) Household members who are self-isolating,,"Checked,Unchecked"
hhd_mem_cmp_none_of_the_above,Do any members of the following groups live in your home with you? (Select all that apply) None of the above,,"Checked,Unchecked"
hhd_mem_cmp_someone_with_special_needs_or_a_disability,Do any members of the following groups live in your home with you? (Select all that apply) Someone with special needs or a disability,,"Checked,Unchecked"
hhd_mne_ern,Who is the main income earner in your household?,,"Self,Spouse,Both self and spouse or partner,Other male household memeber,Other female household member,I prefer not to respond"
hhd_rsp_hrs,"How many of the last 24 hours did you spend on domestic tasks or family care activities? (For example, taking care of children, cooking and cleaning)",,"More than 14 hours,No time spent on these activities,Between 10 and 14 hours,Between 6 and 10 hours,Between 5 and 6 hours,Between 4 and 5 hours,Between 3 and 4 hours,Between 2 and 3 hours,Between 1 and 2 hours,Less than 1 hour"
hhd_rsp_whr,"How many of the last 24 hours did you spend on paid work activities? (For example, business activities, wage or salaried work)",,"More than 14 hours,No time spent on these activities,Between 10 and 14 hours,Between 6 and 10 hours,Between 5 and 6 hours,Between 4 and 5 hours,Between 3 and 4 hours,Between 2 and 3 hours,Between 1 and 2 hours,Less than 1 hour"
hhd_spn_dec,"Within your household, who makes the decisions about financial spending on critical or urgent matters  (e.g., medical emergency etc.)?",,"Self,Other,Spouse or partner,Both self and spouse or partner jointly,Self and another household member who is not a spouse or partner jointly,Father, father-in-law, or step father,Mother, mother-in-law, or step mother,Other male household member,Other female household member,Someone else from outside the household"
hhd_spo_hrs,"How many of the last 24 hours did your spouse or partner spend on domestic tasks or family care activities? (For example, taking care of children, cooking and cleaning)",,"More than 14 hours,No time spent on these activities,Between 10 and 14 hours,Between 6 and 10 hours,Between 5 and 6 hours,Between 4 and 5 hours,Between 3 and 4 hours,Between 2 and 3 hours,Between 1 and 2 hours,Less than 1 hour"
hhd_spo_whr,"How many of the last 24 hours did your spouse or partner spend on paid work activities? (For example, business activities, wage or salaried work)",,"More than 14 hours,No time spent on these activities,Between 10 and 14 hours,Between 6 and 10 hours,Between 5 and 6 hours,Between 4 and 5 hours,Between 3 and 4 hours,Between 2 and 3 hours,Between 1 and 2 hours,Less than 1 hour"
ind_oth,In which economic sub-sector does this business operate?,,"Other (please specify),Personal services (e.g. repair of household goods, washing of textiles, hairdressing),Arts, entertainment, and recreation,Human health and social work activities,Education,Administrative and support services (e.g. rental and leasing, travel agencies, human resources, security),Professional, scientific, and technical services,Real estate activities,Financial and insurance activities"
ind_top,In which economic sector does this business operate?,,"Other services,Information and communication,Hotels, cafes and restaurants,Transportation and storage,Wholesale and retail trade,Construction,Manufacturing, energy, water supply and waste management,Agriculture, forestry, fishing and mining"
ind_trd,In which economic sub-sector does this business operate?,,"Other (please specify),Retail trade,Wholesale trade"
nbr_exe_opn,"Out of 10 of your neighbors, how many do you think believe that ""on the whole, men make better business executives than women do?""",,"0,9,10,1,2,3,4,5,6,7,8"
nbr_exp_opn,"Out of 10 of your neighbors, how many do you think believe that ""household expenses are the responsibility of the man, even if his wife can help him""?",,"0,9,10,1,2,3,4,5,6,7,8"
own_exe_opn,"How much do you agree or disagree with the following statement: “on the whole, men make better business executives than women do”?",,"Strongly disagree,Somewhat disagree,Neither agree nor disagree,Somewhat agree,Strongly agree"
own_exp_opn,"How much do you agree or disagree with the following statement: “household expenses are the responsibility of the man, even if his wife can help him""?",,"Strongly disagree,Somewhat disagree,Neither agree nor disagree,Somewhat agree,Strongly agree"
sex,What is your gender?,,"Female,Male"
bus_las_opr,When was this business last operational?,,"Before January 1, 2020,January 1 to June 30, 2020,July 1 to December 31, 2020,January 1 to March 31, 2021,April 1 to June 30 2021,July 1 2021 or later"
ind_hcr,In which economic sub-sector does this business operate?,,"Other (please specify),Food and beverage services,Accommodation"
ind_icm,In which economic sub-sector does this business operate?,,"Other (please specify),Information services,Computer programming or consultancy,Telecommuncations,Broadcasting,Motion picture and TV production, sound recording, music publishing,Publishing"
