variable,question_text,possible_options
bus_age,How long ago did this business begin operations?,"Between 1 and 2 years ago, Between 2 and 5 years ago, Less than 1 year ago, More than 5 years ago"
bus_chl_attracting_customers,What are the most important challenges your business currently faces? (Please select up to two),"Checked: Attracting customers, Unchecked: Attracting customers"
bus_chl_developing_new_products_or_innovation,What are the most important challenges your business currently faces? (Please select up to two),"Checked: Developing new products or innovation, Unchecked: Developing new products or innovation"
bus_chl_government_regulations,What are the most important challenges your business currently faces? (Please select up to two),"Checked: Government regulations (e.g., compliance, technical regulation, patents, reporting), Unchecked: Government regulations (e.g., compliance, technical regulation, patents, reporting)"
bus_chl_retaining_or_recruiting_skilled_employees,What are the most important challenges your business currently faces? (Please select up to two),"Checked: Retaining or recruiting skilled employees, Unchecked: Retaining or recruiting skilled employees"
bus_chl_securing_financing_for_business_as_usual,What are the most important challenges your business currently faces? (Please select up to two),"Checked: Securing financing for business as usual, Unchecked: Securing financing for business as usual"
bus_chl_securing_financing_for_expansion,What are the most important challenges your business currently faces? (Please select up to two),"Checked: Securing financing for expansion, Unchecked: Securing financing for expansion"
bus_chl_selling_to_foreign_markets,What are the most important challenges your business currently faces? (Please select up to two),"Checked: Selling to foreign markets, Unchecked: Selling to foreign markets"
bus_chl_something_not_listed_here,What are the most important challenges your business currently faces? (Please select up to two),"Checked: Something not listed here, Unchecked: Something not listed here"
bus_chl_tax_laws_and_rules,What are the most important challenges your business currently faces? (Please select up to two),"Checked: Tax laws and rules, Unchecked: Tax laws and rules"
bus_cls_atl2,Is this business currently both operating and engaged in revenue generating activities?,"No, Yes"
bus_emp_alt,"In general, how many employees does this business currently have (excluding yourself)?","10 to 49 people, 1 person, 250 to 499 people, 2 to 4 people, 50 to 249 people, 5 to 9 people, No employees"
bus_fin_no,Does this business have outside financing? (financing from someone who does not own or work for your company)? (Select all that apply),"Checked: No, Unchecked: No"
bus_fin_yes_from_a_bank_loan,Does this business have outside financing? (financing from someone who does not own or work for your company)? (Select all that apply),"Checked: Yes, from a bank loan, Unchecked: Yes, from a bank loan"
bus_fin_yes_from_friends_or_family,Does this business have outside financing? (financing from someone who does not own or work for your company)? (Select all that apply),"Checked: Yes, from friends or family, Unchecked: Yes, from friends or family"
bus_fin_yes_from_investors_with_equity_or_shares_in_the_business,Does this business have outside financing? (financing from someone who does not own or work for your company)? (Select all that apply),"Checked: Yes, from investors with equity or shares in the business, Unchecked: Yes, from investors with equity or shares in the business"
bus_fin_yes_from_other_individuals,Does this business have outside financing? (financing from someone who does not own or work for your company)? (Select all that apply),"Checked: Yes, from other individuals, Unchecked: Yes, from other individuals"
bus_fin_yes_through_some_other_way,Does this business have outside financing? (financing from someone who does not own or work for your company)? (Select all that apply),"Checked: Yes, through some other way, Unchecked: Yes, through some other way"
bus_gen,Which of these best apply to the owners and managers of this business?,"Don't know or prefer not to say, Equal number of men and women, More than 50% are men, More than 50% are women"
bus_mot_i_had_a_new_idea_that_nobody_else_was_doing_new_product_invention_etc,Why did you start or join this business? Please select up to three reasons that are most important to you.,"Checked: I had a new idea that nobody else was doing (new product, invention, etc.), Unchecked: I had a new idea that nobody else was doing (new product, invention, etc.)"
bus_mot_it_is_my_family_business,Why did you start or join this business? Please select up to three reasons that are most important to you.,"Checked: It is my family business, Unchecked: It is my family business"
bus_mot_no_other_employment_opportunities_were_available,Why did you start or join this business? Please select up to three reasons that are most important to you.,"Checked: No other employment opportunities were available, Unchecked: No other employment opportunities were available"
bus_mot_to_be_more_independent,Why did you start or join this business? Please select up to three reasons that are most important to you.,"Checked: To be more independent, Unchecked: To be more independent"
bus_mot_to_have_a_work_and_life_balance_satisfying_my_needs,Why did you start or join this business? Please select up to three reasons that are most important to you.,"Checked: To have a work and life balance satisfying my needs, Unchecked: To have a work and life balance satisfying my needs"
bus_mot_to_make_more_money,Why did you start or join this business? Please select up to three reasons that are most important to you.,"Checked: To make more money, Unchecked: To make more money"
bus_mot_to_pursue_an_interest_hobby_or_passion_of_mine,Why did you start or join this business? Please select up to three reasons that are most important to you.,"Checked: To pursue an interest, hobby, or passion of mine, Unchecked: To pursue an interest, hobby, or passion of mine"
bus_rol,Which of these best describes your main employment situation?,"Both own and manage a business, Manage a business, Own a business"
bus_trn,"Over the past 12 months, have you undergone any training to improve your technology (such as internet or computer) skills?","No, Yes"
con_exp,Has this business considered selling goods or services in other countries?,"No, but for a reason not listed here, No, our product is not suited for export, Yes, but our product is not ready, Yes, but we do not have the necessary skills, Yes, but we don't have the information needed, Yes, but we would need financing"
dem_age,How old are you?,"20 to 29, 30 to 39, 40 to 49, 50 to 59, 60 to 69, Less than 20, 70 or older"
dig_cln_complying_with_standards_and_legal_requirements,What are the main challenges this business faces when using or trying to adopt digital platforms for the sale or purchase of goods and services? (Please select up to two),"Checked: Complying with digital security and consumer protection standards and legal requirements., Unchecked: Complying with digital security and consumer protection standards and legal requirements."
dig_cln_difficulties_in_switching_between_platforms,What are the main challenges this business faces when using or trying to adopt digital platforms for the sale or purchase of goods and services? (Please select up to two),"Checked: Difficulties in switching between platforms or using more than one platform at the same time., Unchecked: Difficulties in switching between platforms or using more than one platform at the same time."
dig_cln_lack_of_understanding_data_can_be_used,What are the main challenges this business faces when using or trying to adopt digital platforms for the sale or purchase of goods and services? (Please select up to two),"Checked: Lack of understanding on how my business data can be used by third parties and how to protect them, Unchecked: Lack of understanding on how my business data can be used by third parties and how to protect them"
dig_cln_need_for_more_resources_or_infrastructure,What are the main challenges this business faces when using or trying to adopt digital platforms for the sale or purchase of goods and services? (Please select up to two),"Checked: Need for more resources or infrastructure (e.g. broadband), Unchecked: Need for more resources or infrastructure (e.g. broadband)"
dig_cln_need_for_more_technical_skills_and_knowledge,What are the main challenges this business faces when using or trying to adopt digital platforms for the sale or purchase of goods and services? (Please select up to two),"Checked: Need for more technical skills and knowledge, Unchecked: Need for more technical skills and knowledge"
dig_cln_no_challenges,What are the main challenges this business faces when using or trying to adopt digital platforms for the sale or purchase of goods and services? (Please select up to two),"Checked: No challenges, Unchecked: No challenges"
dig_cln_paying_fees_incurred_for_accessing_digital_platforms,What are the main challenges this business faces when using or trying to adopt digital platforms for the sale or purchase of goods and services? (Please select up to two),"Checked: Paying fees incurred for accessing digital platforms., Unchecked: Paying fees incurred for accessing digital platforms."
dig_cln_similar_products_or_services_offered,What are the main challenges this business faces when using or trying to adopt digital platforms for the sale or purchase of goods and services? (Please select up to two),"Checked: Extreme or unfair competition with similar products or services offered on the platform by other businesses or the platform itself, Unchecked: Extreme or unfair competition with similar products or services offered on the platform by other businesses or the platform itself"
dig_cln_something_not_listed_here,What are the main challenges this business faces when using or trying to adopt digital platforms for the sale or purchase of goods and services? (Please select up to two),"Checked: Something not listed here, Unchecked: Something not listed here"
dig_prm,Do you think the COVID-19 crisis is going to change the use of digital technologies permanently for this business?,"Don't know, No, Yes"
dtl_rsn_advertising,"Which of the following describes this business’s use of digital platforms (online platforms to facilitate interactions with other firms, individuals, or the government)? (Select all that apply)","Checked: Advertising, Unchecked: Advertising"
dtl_rsn_a_reason_not_listed_here,"Which of the following describes this business’s use of digital platforms (online platforms to facilitate interactions with other firms, individuals, or the government)? (Select all that apply)","Checked: A reason not listed here, Unchecked: A reason not listed here"
dtl_rsn_communication,"Which of the following describes this business’s use of digital platforms (online platforms to facilitate interactions with other firms, individuals, or the government)? (Select all that apply)","Checked: Communication, Unchecked: Communication"
dtl_rsn_interactions_with_government,"Which of the following describes this business’s use of digital platforms (online platforms to facilitate interactions with other firms, individuals, or the government)? (Select all that apply)","Checked: Interactions with government, Unchecked: Interactions with government"
dtl_rsn_making_or_receiving_payments,"Which of the following describes this business’s use of digital platforms (online platforms to facilitate interactions with other firms, individuals, or the government)? (Select all that apply)","Checked: Making or receiving payments, Unchecked: Making or receiving payments"
dtl_rsn_product_or_service_development,"Which of the following describes this business’s use of digital platforms (online platforms to facilitate interactions with other firms, individuals, or the government)? (Select all that apply)","Checked: Product or service development, Unchecked: Product or service development"
dtl_rsn_sale_or_purchase_of_goods_or_services,"Which of the following describes this business’s use of digital platforms (online platforms to facilitate interactions with other firms, individuals, or the government)? (Select all that apply)","Checked: Sale or purchase of goods or services (including e-commerce and service delivery), Unchecked: Sale or purchase of goods or services (including e-commerce and service delivery)"
dtl_rsn_this_business_does_not_use_digital_platforms,"Which of the following describes this business’s use of digital platforms (online platforms to facilitate interactions with other firms, individuals, or the government)? (Select all that apply)","Checked: This business does not use digital platforms, Unchecked: This business does not use digital platforms"
ecm_opl,Did your business order products or services online during the last 12 months?,"Don't know or prefer not to say, No, Yes"
ecm_osh,What share of this business’s purchases are made online?,"0% to 25%, 26% to 50%, 51% to 75%, 76% to 100%, Don't know or prefer not to say"
ecm_ror,What share of online orders received by your business were from your home country?,"About half, Don't know or prefer not to say, Less than half, More than half"
ecm_sel,Who does your business sell to via online orders?,"Both individual consumers and businesses, Businesses, Don't know or prefer not to say, Individual consumers"
edu,What is your highest level of completed education?,"More than secondary, vocational training or apprenticeship, No formal schooling completed, Primary, Secondary, University or college"
exp_chl_financing_for_sales_in_other_countries,What are the most important challenges your business currently faces to selling in other countries? (Please select up to two),"Checked: Financing for sales in other countries, Unchecked: Financing for sales in other countries"
exp_chl_finding_business_partners_in_other_countries,What are the most important challenges your business currently faces to selling in other countries? (Please select up to two),"Checked: Finding business partners in other countries, Unchecked: Finding business partners in other countries"
exp_chl_internet_access,What are the most important challenges your business currently faces to selling in other countries? (Please select up to two),"Checked: Internet access, Unchecked: Internet access"
exp_chl_navigating_customs_regulations_in_my_country,What are the most important challenges your business currently faces to selling in other countries? (Please select up to two),"Checked: Navigating customs regulations in my country, Unchecked: Navigating customs regulations in my country"
exp_chl_navigating_foreign_regulations,What are the most important challenges your business currently faces to selling in other countries? (Please select up to two),"Checked: Navigating foreign regulations, Unchecked: Navigating foreign regulations"
exp_chl_understanding_foreign_markets,What are the most important challenges your business currently faces to selling in other countries? (Please select up to two),"Checked: Understanding foreign markets, Unchecked: Understanding foreign markets"
hhd_has_spo,Do you have a long-term spouse or partner?,"No, Yes"
imx_ctr,How many countries does your business export to?,"11 or more countries, 1 country, 2-5 countries, 6-10 countries, Don't know or prefer not to say"
imx_eng,Is your business engaged in international trade?,"No, Yes, as an exporter, Yes, as an exporter and importer, Yes, as an importer"
ind_oth,In which economic sub-sector does this business operate?,"Administrative and support services (e.g. rental and leasing, travel agencies, human resources, security), Arts, entertainment, and recreation, Education, Human health and social work activities, Other (please specify), Personal services (e.g. repair of household goods, washing of textiles, hairdressing), Professional, scientific, and technical services, Real estate activities, Financial and insurance activities"
ind_top,In which economic sector does this business operate?,"Agriculture, forestry, fishing and mining, Construction, Energy, Hotels, cafes and restaurants, Information and communication, Manufacturing, Other services, Retail trade, Transportation and storage, Water supply and waste management, Wholesale trade"
onl_shr,What is the share of online orders in your business’s sales?,"0 to 25%, 26 to 50%, 51 to 75%, 76 to 100%, Don't know or prefer not to say"
own_str,Which of these best describes the owners of this business?,"Don't know or prefer not to say, More than 50% is owned by another business, More than 50% is owned by men, More than 50% is owned by women"
prf_grp_a_group_for_people_leading_small_businesses,"Which of these kinds of professional groups, if any, are you a part of? (Select all that apply)","Checked: A group for people leading small businesses, Unchecked: A group for people leading small businesses"
prf_grp_a_group_of_other_people_in_my_industry,"Which of these kinds of professional groups, if any, are you a part of? (Select all that apply)","Checked: A group of other people in my industry, Unchecked: A group of other people in my industry"
prf_grp_a_group_of_other_professional_women,"Which of these kinds of professional groups, if any, are you a part of? (Select all that apply)","Checked: A group of other professional women, Unchecked: A group of other professional women"
prf_grp_a_group_of_people_with_similar_jobs,"Which of these kinds of professional groups, if any, are you a part of? (Select all that apply)","Checked: A group of people with similar jobs, Unchecked: A group of people with similar jobs"
prf_grp_my_local_chamber_of_commerce,"Which of these kinds of professional groups, if any, are you a part of? (Select all that apply)","Checked: My local chamber of commerce, Unchecked: My local chamber of commerce"
prf_grp_none_of_these_groups,"Which of these kinds of professional groups, if any, are you a part of? (Select all that apply)","Checked: None of these groups, Unchecked: None of these groups"
prf_grp_other_professional_groups,"Which of these kinds of professional groups, if any, are you a part of? (Select all that apply)","Checked: Other professional groups, Unchecked: Other professional groups"
sex,What is your gender?,"Female, Male"
sls_chn,"Compared to 2020, how much did your annual sales change in 2021?","Decrease between 0% and 20%, Decrease between 20% and 40%, Decrease between 40% and 60%, Decrease between 60% and 80%, Decrease between 80% and 100%, Increase between 0% and 20%, Increase between 20% and 40%, Increase between 40% and 60%, Increase between 60% and 80%, Increase between 80% and 100%, Increase more than 100% (more than double), This business was not operating in 2020"
sup_chl_decided_to_change_production_process,"Which of the following, if any, did your business experience in your supply chain in 2021? (Select all that apply)","Checked: Decided to change production process, Unchecked: Decided to change production process"
sup_chl_decided_to_change_suppliers,"Which of the following, if any, did your business experience in your supply chain in 2021? (Select all that apply)","Checked: Decided to change suppliers, Unchecked: Decided to change suppliers"
sup_chl_delays_in_delivering_to_customers,"Which of the following, if any, did your business experience in your supply chain in 2021? (Select all that apply)","Checked: Delays in delivering to customers, Unchecked: Delays in delivering to customers"
sup_chl_delays_in_receiving_supplies,"Which of the following, if any, did your business experience in your supply chain in 2021? (Select all that apply)","Checked: Delays in receiving supplies, Unchecked: Delays in receiving supplies"
sup_chl_higher_shipping_costs_than_normal,"Which of the following, if any, did your business experience in your supply chain in 2021? (Select all that apply)","Checked: Higher shipping costs than normal, Unchecked: Higher shipping costs than normal"
sup_chl_none_of_these,"Which of the following, if any, did your business experience in your supply chain in 2021? (Select all that apply)","Checked: None of these, Unchecked: None of these"
sup_typ_extra_credit_and_deferral_of_payments,What types of government support has this business received since the start of the COVID-19 pandemic? (Select all that apply),"Checked: This business received financial support from the government in the form of extra credit and deferral of payments (e.g. on taxes or rents), Unchecked: This business received financial support from the government in the form of extra credit and deferral of payments (e.g. on taxes or rents)"
sup_typ_information_technical_assistance_or_advisory_services,What types of government support has this business received since the start of the COVID-19 pandemic? (Select all that apply),"Checked: This business received non-financial support from the government in the form of information, technical assistance, or advisory services, Unchecked: This business received non-financial support from the government in the form of information, technical assistance, or advisory services"
sup_typ_non_repayable_grants_or_subsidies,What types of government support has this business received since the start of the COVID-19 pandemic? (Select all that apply),"Checked: This business received financial support from the government in the form of non-repayable grants or subsidies, Unchecked: This business received financial support from the government in the form of non-repayable grants or subsidies"
sup_typ_this_business_did_not_receive_any_kind_of_government_support,What types of government support has this business received since the start of the COVID-19 pandemic? (Select all that apply),"Checked: This business did not receive any kind of government support, Unchecked: This business did not receive any kind of government support"
sup_typ_this_business_received_other_forms_of_government_support,What types of government support has this business received since the start of the COVID-19 pandemic? (Select all that apply),"Checked: This business received other forms of government support, Unchecked: This business received other forms of government support"
ecm_oor,What share of online orders by this business were placed within your home country?,"About half, Don't know or prefer not to say, Less than half, More than half"
exp_share,What share of this business's annual sales are sales made to customers in other countries?,"60% or more, Don't know or prefer not to say, From 1 to 19%, From 20 to 39%, From 40 to 60%, None (0%)"
dig_cln_2_complying_with_standards_and_legal_requirements,What are the main challenges this business might face if it tried to adopt digital platforms for the sale or purchase of goods and services? (Please select up to two),"Checked: Complying with digital security and consumer protection standards and legal requirements., Unchecked: Complying with digital security and consumer protection standards and legal requirements."
dig_cln_2_difficulties_in_switching_between_platforms,What are the main challenges this business might face if it tried to adopt digital platforms for the sale or purchase of goods and services? (Please select up to two),"Checked: Difficulties in switching between platforms or using more than one platform at the same time., Unchecked: Difficulties in switching between platforms or using more than one platform at the same time."
dig_cln_2_lack_of_understanding_data_can_be_used,What are the main challenges this business might face if it tried to adopt digital platforms for the sale or purchase of goods and services? (Please select up to two),"Checked: Lack of understanding on how my business data can be used by third parties and how to protect them, Unchecked: Lack of understanding on how my business data can be used by third parties and how to protect them"
dig_cln_2_need_for_more_resources_or_infrastructure,What are the main challenges this business might face if it tried to adopt digital platforms for the sale or purchase of goods and services? (Please select up to two),"Checked: Need for more resources or infrastructure (e.g. broadband), Unchecked: Need for more resources or infrastructure (e.g. broadband)"
dig_cln_2_need_for_more_technical_skills_and_knowledge,What are the main challenges this business might face if it tried to adopt digital platforms for the sale or purchase of goods and services? (Please select up to two),"Checked: Need for more technical skills and knowledge, Unchecked: Need for more technical skills and knowledge"
dig_cln_2_no_challenges,What are the main challenges this business might face if it tried to adopt digital platforms for the sale or purchase of goods and services? (Please select up to two),"Checked: No challenges, Unchecked: No challenges"
dig_cln_2_paying_fees_incurred_for_accessing_digital_platforms,What are the main challenges this business might face if it tried to adopt digital platforms for the sale or purchase of goods and services? (Please select up to two),"Checked: Paying fees incurred for accessing digital platforms., Unchecked: Paying fees incurred for accessing digital platforms."
dig_cln_2_similar_products_or_services_offered,What are the main challenges this business might face if it tried to adopt digital platforms for the sale or purchase of goods and services? (Please select up to two),"Checked: Extreme or unfair competition with similar products or services offered on the platform by other businesses or the platform itself, Unchecked: Extreme or unfair competition with similar products or services offered on the platform by other businesses or the platform itself"
dig_cln_2_something_not_listed_here,What are the main challenges this business might face if it tried to adopt digital platforms for the sale or purchase of goods and services? (Please select up to two),"Checked: Something not listed here, Unchecked: Something not listed here"
imx_sel,Who does your business export to?,"Both individual consumers and businesses, Businesses, Don't know or prefer not to say, Individual consumers"
