variable,question,type_of_response
bus_cur_opn,Is this business currently operational or engaging in any revenue-generating activities?,"Yes,No"
bus_d20,In which year did this business begin operations?,"2011 or earlier,2015,2018,2020,2017,2013,2012,2016,2019,2014"
bus_emp_chn,How has the number of workers at this business changed as a result of the coronavirus (COVID-19) pandemic?,"Same number of workers,Reduced number of workers,Don’t know,Increased number of workers"
bus_lon,"At this time, does your business have a line of credit or a loan from a financial institution or bank?","No,Yes,Don't know or prefer not to respond"
bus_rol,Which of these best describes your main employment situation?,"Both own and manage a business,Own a business,Employed in a business,Unemployed or not working,Work for the government,Other (please specify),Manage a business"
bus_sls_dif,How have your business's sales for the last 30 days (in 2020) changed when compared with the same month last year (in 2019)?,"Lower than last year,Higher than last year,Same as last year,Don’t know,This business was not in operation last year"
dem_age,How old are you?,"60 to 69,40 to 49,20 to 29,30 to 39,50 to 59,70 or older,Less than 20"
dig_chn,How has this business�s use of digital technologies changed since the start of the COVID-19 pandemic?,"Somewhat increased,Somewhat decreased,No change,Greatly increased,Greatly decreased"
dig_cln_complying_with_digital_security,What are the two main challenges this business faces when using or trying to adopt digital platforms for the sale or purchase of goods and services? (Please select the most important two) Complying with digital security and consumer protection standards and legal requirements.,"Checked, Unchecked"
dig_cln_difficulties_in_switching_between_platforms,What are the two main challenges this business faces when using or trying to adopt digital platforms for the sale or purchase of goods and services? (Please select the most important two) Difficulties in switching between platforms or using more than one platform at the same time.,"Checked, Unchecked"
dig_cln_lack_of_understanding_on_how_my_business_data,What are the two main challenges this business faces when using or trying to adopt digital platforms for the sale or purchase of goods and services? (Please select the most important two) Lack of understanding on how my business data can be used by third parties and how to protect them,"Checked, Unchecked"
dig_cln_need_for_more_resources_or_infrastructure_e_g_broadband,What are the two main challenges this business faces when using or trying to adopt digital platforms for the sale or purchase of goods and services? (Please select the most important two) Need for more resources or infrastructure (e.g. broadband),"Checked, Unchecked"
dig_cln_need_for_more_technical_skills_and_knowledge,What are the two main challenges this business faces when using or trying to adopt digital platforms for the sale or purchase of goods and services? (Please select the most important two) Need for more technical skills and knowledge,"Checked, Unchecked"
dig_cln_no_challenges,What are the two main challenges this business faces when using or trying to adopt digital platforms for the sale or purchase of goods and services? (Please select the most important two) No challenges,"Checked, Unchecked"
dig_cln_paying_fees_incurred_for_accessing_digital_platforms,What are the two main challenges this business faces when using or trying to adopt digital platforms for the sale or purchase of goods and services? (Please select the most important two) Paying fees incurred for accessing digital platforms.,"Checked, Unchecked"
dig_cln_similar_products_or_services_offered,What are the two main challenges this business faces when using or trying to adopt digital platforms for the sale or purchase of goods and services? (Please select the most important two) Extreme or unfair competition with similar products or services offered on the platform by other businesses or the platform itself,"Checked, Unchecked"
dig_cln_something_not_listed_here,What are the two main challenges this business faces when using or trying to adopt digital platforms for the sale or purchase of goods and services? (Please select the most important two) Something not listed here,"Checked, Unchecked"
dig_imp,How has this business been impacted by its use of digital platforms? (Select all that apply),"Somewhat important,Don't know,Very important,Extremely important,Not at all important,A little important"
dig_imp_access_to_digital_solutions_and_business_intelligence_services,How has this business been impacted by its use of digital platforms? (Select all that apply) Access to digital solutions and business intelligence services,"Checked, Unchecked"
dig_imp_increase_in_customer_or_supplier_base,How has this business been impacted by its use of digital platforms? (Select all that apply) Increase in customer or supplier base,"Checked, Unchecked"
dig_imp_increase_in_employment,How has this business been impacted by its use of digital platforms? (Select all that apply) Increase in employment,"Checked, Unchecked"
dig_imp_increase_in_sales,How has this business been impacted by its use of digital platforms? (Select all that apply) Increase in sales,"Checked, Unchecked"
dig_imp_lower_operation_costs_or_costs_of_sourcing_goods_and_services,How has this business been impacted by its use of digital platforms? (Select all that apply) Lower operation costs or costs of sourcing goods and services,"Checked, Unchecked"
dig_imp_no_impact,How has this business been impacted by its use of digital platforms? (Select all that apply) No impact,"Checked, Unchecked"
dig_imp_something_not_listed_here,How has this business been impacted by its use of digital platforms? (Select all that apply) Something not listed here,"Checked, Unchecked"
dig_obs_cost_of_purchasing_or_using_the_technology,What are the main obstacles for increasing the use of digital technologies by this business? (Please select the most important two) Cost of purchasing or using the technology,"Checked, Unchecked"
dig_obs_difficulties_in_integrating_the_technology_in_businesses_processes,What are the main obstacles for increasing the use of digital technologies by this business? (Please select the most important two) Difficulties in integrating the technology in businesses processes,"Checked, Unchecked"
dig_obs_lack_of_awareness_or_understanding_of_the_type_of_tools,What are the main obstacles for increasing the use of digital technologies by this business? (Please select the most important two) Lack of awareness or understanding of the type of tools that could be useful for my business,"Checked, Unchecked"
dig_obs_lack_of_skills_and_technical_knowledge,What are the main obstacles for increasing the use of digital technologies by this business? (Please select the most important two) Lack of skills and technical knowledge inside the business to use digital technologies,"Checked, Unchecked"
dig_prm,Do you think the COVID-19 crisis is going to change the use of digital technologies permanently for this business?,"Yes,No,Don't know"
dig_rsn_advertising,"What are the reasons this business uses digital platforms (online platforms to facilitate interactions with other firms, individuals or the government)? (Select all that apply) Advertising","Checked, Unchecked"
dig_rsn_communication,"What are the reasons this business uses digital platforms (online platforms to facilitate interactions with other firms, individuals or the government)? (Select all that apply) Communication","Checked, Unchecked"
dig_rsn_interactions_with_government,"What are the reasons this business uses digital platforms (online platforms to facilitate interactions with other firms, individuals or the government)? (Select all that apply) Interactions with government","Checked, Unchecked"
dig_rsn_making_or_receiving_payments,"What are the reasons this business uses digital platforms (online platforms to facilitate interactions with other firms, individuals or the government)? (Select all that apply) Making or receiving payments","Checked, Unchecked"
dig_rsn_product_and_service_development,"What are the reasons this business uses digital platforms (online platforms to facilitate interactions with other firms, individuals or the government)? (Select all that apply) Product and service development","Checked, Unchecked"
dig_rsn_sale_or_purchase_of_goods_or_services,"What are the reasons this business uses digital platforms (online platforms to facilitate interactions with other firms, individuals or the government)? (Select all that apply) Sale or purchase of goods or services (including e-commerce and service delivery)","Checked, Unchecked"
dig_tch_broadband_internet_connection_faster_than_50_megabits_per_second,"Which digital technologies does this business currently use, if any? (Select all that apply) Broadband internet connection faster than 50 Megabits per second","Checked, Unchecked"
dig_tch_cloud_computing,"Which digital technologies does this business currently use, if any? (Select all that apply) Cloud computing","Checked, Unchecked"
dig_tch_customer_relationship_management_software,"Which digital technologies does this business currently use, if any? (Select all that apply) Customer relationship management software","Checked, Unchecked"
dig_tch_enterprise_resource_planning_systems,"Which digital technologies does this business currently use, if any? (Select all that apply) Enterprise resource planning systems","Checked, Unchecked"
dig_tch_none_of_the_above,"Which digital technologies does this business currently use, if any? (Select all that apply) None of the above","Checked, Unchecked"
dig_tch_online_sales_or_purchases,"Which digital technologies does this business currently use, if any? (Select all that apply) Online sales or purchases","Checked, Unchecked"
dig_tch_supply_chain_management_software,"Which digital technologies does this business currently use, if any? (Select all that apply) Supply-chain management software","Checked, Unchecked"
dig_tch_teleworking_for_at_least_50_of_employees,"Which digital technologies does this business currently use, if any? (Select all that apply) Teleworking for at least 50% of employees","Checked, Unchecked"
dig_use,How has this business�s use of digital platforms for selling or purchasing goods and services changed since the start of the COVID-19 pandemic?,"Somewhat increased,Somewhat decreased,No change,This business has only started using digital platforms since the start of the COVID-19 pandemic,Greatly decreased,Greatly increased"
edu,What is your highest level of completed education?,"More than secondary,Secondary or less"
emp_lof,"Since the COVID-19 pandemic began, how many employees did this business have to lay off (thus implying termination of their work contract)?","None,Between 0 and 20%,Between 40 and 60%,All,Between 20 and 40%,Between 60 and 80%,Between 80 and 100%"
emp_rec,How many of your employees who were laid off during the COVID-19 pandemic do you expect to recall at some point in the future?,"None,Between 0 and 20%,All,Between 60 and 80%,Between 40 and 60%,Between 80 and 100%,Between 20 and 40%"
emp_sub,"Since the COVID-19 pandemic began, how many employees did the business put on government programs that partially or fully cover salaries of workers who remain employed?","Between 80 and 100%,Between 20 and 40%,None,All,Between 60 and 80%,Between 0 and 20%,Between 40 and 60%"
gov_fut_cb_changing_business_operations_and_proposing_new_products_or_services,Which of the following types of government support might this business need in the near future? (Select all that apply) Changing business operations and proposing new products or services,"Checked, Unchecked"
gov_fut_cb_help_covering_charges,"Which of the following types of government support might this business need in the near future? (Select all that apply) Help covering charges and fixed costs, including rents, credits and salaries","Checked, Unchecked"
gov_fut_cb_help_using_new_digital_tools,Which of the following types of government support might this business need in the near future? (Select all that apply) Help using new digital tools,"Checked, Unchecked"
gov_fut_cb_no_support_needed,Which of the following types of government support might this business need in the near future? (Select all that apply) No support needed,"Checked, Unchecked"
gov_fut_cb_something_not_listed_here,Which of the following types of government support might this business need in the near future? (Select all that apply) Something not listed here,"Checked, Unchecked"
gov_fut_cb_supply_chains_accessing_markets,"Which of the following types of government support might this business need in the near future? (Select all that apply) Reconnecting to supply chains, accessing markets or rebuilding a customer base and a network of suppliers and partners","Checked, Unchecked"
gov_fut_cb_training_managers_and_employees_to_adapt_to_new_business_conditions,Which of the following types of government support might this business need in the near future? (Select all that apply) Training managers and employees to adapt to new business conditions,"Checked, Unchecked"
gov_nhp,Why did this business not receive any kind of government support in response to the COVID-19 pandemic?,"Did not know of any available government support,Did not apply,Applied, but was not approved,Was approved, but government support has not arrived yet"
hhd_has_spo,Do you have a long-term partner or a spouse?,"Yes,No"
ind_oth,In which economic sub-sector does this business operate?,"Real estate activities,Other (please specify),Professional, scientific, and technical services,Arts, entertainment, and recreation,Education,Administrative and support services (e.g. rental and leasing, travel agencies, human resources, security),Financial and insurance activities,Personal services (e.g. repair of household goods, washing of textiles, hairdressing),Human health and social work activities"
ind_top,In which economic sector does this business operate?,"Hotels, cafes and restaurants,Construction,Information and communication,Agriculture, forestry, fishing and mining,Other services,Wholesale and retail trade,Manufacturing, energy, water supply and waste management,Transportation and storage"
sex,What is your gender?,"Male,Female"
sup_typ_information_technical_assistance_or_advisory_services,"What types of government support has this business received since the start of the COVID-19 pandemic? (Select all that apply) This business received non-financial support from the government in the form of information, technical assistance, or advisory services","Checked, Unchecked"
sup_typ_non_repayable_grants_or_subsidies,What types of government support has this business received since the start of the COVID-19 pandemic? (Select all that apply) This business received financial support from the government in the form of non-repayable grants or subsidies,"Checked, Unchecked"
sup_typ_support_from_the_government_in_the_form_of_extra_credit,What types of government support has this business received since the start of the COVID-19 pandemic? (Select all that apply) This business received financial support from the government in the form of extra credit and deferral of payments (e.g. on taxes or rents),"Checked, Unchecked"
sup_typ_this_business_did_not_receive_any_kind_of_government_support,What types of government support has this business received since the start of the COVID-19 pandemic? (Select all that apply) This business did not receive any kind of government support,"Checked, Unchecked"
sup_typ_this_business_received_other_forms_of_government_support,What types of government support has this business received since the start of the COVID-19 pandemic? (Select all that apply) This business received other forms of government support,"Checked, Unchecked"
ind_trd,In which economic sub-sector does this business operate?,"Retail trade,Wholesale trade,Other (please specify)"
sls_low,"Compared to the same month last year (2019), how much lower were your sales in November 2020?","Between 60 and 80%,Between 40 and 60%,Between 20 and 40%,Between 0 and 20%,100%,Between 80 and 100%"
gov_dif_business_did_not_face_any_particular_difficulty,"Which difficulties, if any, did this business experience in identifying and accessing government support? (Select all that apply) This business did not face any particular difficulty in identifying or accessing government support programs","Checked, Unchecked"
gov_dif_it_was_difficult_to_identify,"Which difficulties, if any, did this business experience in identifying and accessing government support? (Select all that apply) It was difficult to identify which support my business was eligible for and how to receive it","Checked, Unchecked"
gov_dif_long_delays_before_receiving_government_support,"Which difficulties, if any, did this business experience in identifying and accessing government support? (Select all that apply) Long delays before receiving government support","Checked, Unchecked"
gov_dif_the_procedures_to_claim_for_support_were_complex_or_time_consuming,"Which difficulties, if any, did this business experience in identifying and accessing government support? (Select all that apply) The procedures to claim for support were complex or time consuming","Checked, Unchecked"
gov_dif_this_business_experienced_other_kinds_of_difficulties,"Which difficulties, if any, did this business experience in identifying and accessing government support? (Select all that apply) This business experienced other kinds of difficulties","Checked, Unchecked"
gov_imp,"Overall, how important was government support for this business?","Very important,Not at all important,Extremely important,Somewhat important,A little important"
ind_icm,In which economic sub-sector does this business operate?,"Information services,Publishing,Computer programming or consultancy,Motion picture and TV production, sound recording, music publishing,Telecommuncations,Broadcasting,Other (please specify)"
sls_hig,"Compared to the same month last year (2019), how much higher were your sales in November 2020?","Between 20 and 40%,Between 0 and 20%,Between 40 and 60%,Between 60 and 80%,More than 100% (i.e. more than double),Between 80 and 100%"
ind_hcr,In which economic sub-sector does this business operate?,"Accommodation,Food and beverage services,Other (please specify)"
